<?xml version='1.0' encoding='UTF-8'?>
<s>
 <app login="owner" regmail="" regname="">
  <size height="600" width="1072"/>
  <pos x="1531" y="73"/>
 </app>
 <docsM_form>
  <size height="625" width="1006"/>
  <pos x="162" y="-4"/>
 </docsM_form>
 <docsP_form>
  <size height="570" width="1000"/>
  <pos x="1516" y="-4"/>
 </docsP_form>
 <doc_perem_form>
  <size height="500" width="1119"/>
  <pos x="105" y="69"/>
 </doc_perem_form>
 <docsD_form>
  <size height="551" width="1000"/>
  <pos x="1455" y="-4"/>
 </docsD_form>
 <docsF_form>
  <size height="588" width="1258"/>
  <pos x="1376" y="-4"/>
 </docsF_form>
 <docsF_form_item>
  <size height="534" width="1218"/>
  <pos x="1392" y="127"/>
 </docsF_form_item>
 <docsPV_form>
  <size height="500" width="1120"/>
  <pos x="1412" y="136"/>
 </docsPV_form>
 <docsSP_form>
  <size height="500" width="1000"/>
  <pos x="166" y="102"/>
 </docsSP_form>
 <docsZ_form>
  <size height="557" width="1107"/>
  <pos x="1454" y="37"/>
 </docsZ_form>
 <firms_form>
  <size height="569" width="1000"/>
  <pos x="1521" y="-4"/>
 </firms_form>
 <order_form>
  <size height="533" width="1172"/>
  <pos x="1475" y="-4"/>
 </order_form>
 <pay_form>
  <size height="435" width="1010"/>
  <pos x="356" y="11"/>
 </pay_form>
 <select_material>
  <size height="500" width="1000"/>
  <pos x="1517" y="146"/>
 </select_material>
 <select_product>
  <size height="500" width="1000"/>
  <pos x="50" y="50"/>
 </select_product>
 <vendor>
  <size height="394" width="952"/>
  <pos x="1484" y="-4"/>
 </vendor>
 <preferences p="0" mp="" dir="" mf="" c="0" a="0" mb="">
  <size height="500" width="1000"/>
  <pos x="1480" y="2"/>
 </preferences>
 <salary_form>
  <size height="633" width="1000"/>
  <pos x="165" y="-4"/>
 </salary_form>
 <pay_new>
  <size height="306" width="771"/>
  <pos x="1583" y="224"/>
 </pay_new>
 <wlog>
  <size height="605" width="1140"/>
  <pos x="1474" y="27"/>
 </wlog>
 <invoice_form>
  <size height="477" width="945"/>
  <pos x="161" y="14"/>
 </invoice_form>
 <docsBuy_form>
  <size height="565" width="1220"/>
  <pos x="1440" y="-4"/>
 </docsBuy_form>
 <docsMO_filter date_month="1" search_value="" sklad_out_value="5" sklad_out_check="0" date_week="0" date_check="1" date_period="0" date_to="2017-08-29 23:59:59" date_from="2017-07-30 00:00:01" sort_value="`docsM`.`id`" sort_asc="1" search_check="0"/>
 <docsUF_filter date_month="0" search_value="" sklad_out_value="4" sklad_out_check="0" date_week="0" date_check="0" date_period="1" date_to="2017-08-29 23:59:59" sklad_in_value="5" date_from="2017-07-30 00:00:01" sort_value="`docsUF`.`id`" sklad_in_check="1" sort_asc="1" search_check="0"/>
 <order_ow date_month="0" search_value="" date_week="0" date_check="0" date_period="1" firm_value="29" firm_check="0" date_to="2017-08-29 23:59:59" date_from="2017-07-30 00:00:01" sort_value="`order`.`id`" sort_asc="1" search_check="0"/>
 <invoiceF firm_c="0" sort="0" week_c="0" date_c="0" firm_v="0" date_to="2017-08-22 23:59:59" vid="0" date_from="2017-07-23 00:00:01" month_c="1"/>
 <docsBuyF contract_c="0" firm_c="0" sort="1" contract_v="" firm_v="2" vid="0"/>
 <costs>
  <col visible="0" hide="1" title="id" num="0" width="100"/>
  <col visible="1" hide="0" title="Ответственный" num="1" width="366"/>
  <col visible="1" hide="0" title="Наименование" num="2" width="304"/>
  <col visible="1" hide="0" title="Валюта" num="3" width="613"/>
 </costs>
 <buy_filter search_value="76" firm_value="26" firm_check="0" sort_value="`docsBuy`.`id`" sort_asc="0" search_check="0"/>
 <peremMP_filter date_month="0" search_value="" sklad_out_value="6" sklad_out_check="0" date_week="1" date_check="0" date_period="0" date_to="2017-08-31 23:59:59" sklad_in_value="4" date_from="2017-08-01 00:00:01" sort_value="`docsPerem`.`ddate`" sklad_in_check="0" sort_asc="0" search_check="0"/>
 <order_corp date_month="0" search_value="" status_value="0" date_week="1" date_check="0" date_period="0" firm_value="10" firm_check="0" date_to="2017-08-29 23:59:59" date_from="2017-07-30 00:00:01" sort_value="`order`.`treko`" status_check="0" sort_asc="1" search_check="0"/>
 <docsPO_filter date_month="0" search_value="" sklad_out_value="4" sklad_out_check="0" date_week="0" date_check="1" date_period="1" date_to="2017-12-31 23:59:59" date_from="2017-01-01 00:00:01" sort_value="`docsP`.`id`" sort_asc="1" search_check="0"/>
 <docsV_filter date_month="0" search_value="" date_week="0" date_check="0" date_period="1" date_to="2017-08-29 23:59:59" sklad_in_value="4" date_from="2017-01-01 00:00:01" sort_value="`docsP`.`id`" sklad_in_check="0" sort_asc="0" search_check="0"/>
 <cost_operation_form>
  <size height="335" width="965"/>
  <pos x="188" y="187"/>
 </cost_operation_form>
 <peremPP_filter date_month="1" search_value="" sklad_out_value="4" sklad_out_check="0" date_week="0" date_check="0" date_period="0" date_to="2017-08-31 23:59:59" sklad_in_value="7" date_from="2017-01-01 00:00:01" sort_value="`docsPerem`.`id`" sklad_in_check="0" sort_asc="1" search_check="0"/>
 <peremPM_filter date_month="1" search_value="" sklad_out_value="4" sklad_out_check="0" date_week="0" date_check="0" date_period="0" date_to="2017-09-08 23:59:59" sklad_in_value="5" date_from="2017-08-09 00:00:01" sort_value="`docsPerem`.`ddate`" sklad_in_check="0" sort_asc="0" search_check="0"/>
 <sell_corp date_month="1" search_value="" status_value="0" date_week="0" date_check="0" date_period="0" firm_value="10" firm_check="0" date_to="2017-09-08 23:59:59" date_from="2017-08-09 00:00:01" sort_value="`clients`.`fam`" status_check="0" sort_asc="0" search_check="0"/>
 <sell_fest date_month="1" search_value="" status_value="0" date_week="0" date_check="0" date_period="0" firm_value="22" firm_check="0" date_to="2017-09-08 23:59:59" date_from="2017-08-09 00:00:01" sort_value="`clients`.`fam`" status_check="0" sort_asc="0" search_check="0"/>
 <peremMM_filter date_month="1" search_value="" sklad_out_value="12" sklad_out_check="0" date_week="0" date_check="1" date_period="0" date_to="2017-12-31 23:59:59" sklad_in_value="12" date_from="2017-01-01 00:00:01" sort_value="`docsPerem`.`id`" sklad_in_check="0" sort_asc="1" search_check="0"/>
 <order_rw client_check="0" client_value="3" date_month="1" search_value="" status_value="0" date_week="0" date_check="1" date_period="0" firm_value="232" firm_check="0" date_to="2017-08-29 23:59:59" date_from="2017-06-01 00:00:01" sort_value="`order`.`id`" status_check="0" sort_asc="0" search_check="0"/>
 <order_ru client_check="0" client_value="4" date_month="1" search_value="Шев" status_value="0" date_week="0" date_check="0" date_period="0" firm_value="28" firm_check="0" date_to="2017-08-29 23:59:59" date_from="2017-06-20 00:00:01" sort_value="`order`.`ddate`" status_check="0" sort_asc="0" search_check="0"/>
 <order_ou date_month="0" search_value="" status_value="2" date_week="0" date_check="0" date_period="1" firm_value="5" firm_check="0" date_to="2017-08-29 23:59:59" date_from="2017-06-15 00:00:01" sort_value="`order`.`ddate`" status_check="0" sort_asc="1" search_check="0"/>
 <specF31_filter object_check="0" date_month="0" search_value="" date_week="0" date_check="0" date_period="1" date_to="2017-08-29 23:59:59" date_from="2017-01-01 00:00:01" sort_value="`docsSP`.`id`" sort_asc="1" search_check="0" object_value="30"/>
 <specF32_filter object_check="0" date_month="1" search_value="" date_week="0" date_check="0" date_period="0" date_to="2017-08-29 23:59:59" date_from="2017-07-30 00:00:01" sort_value="`docsSP`.`id`" sort_asc="0" search_check="0" object_value="21"/>
 <docsU>
  <col visible="1" hide="0" title="Номер" num="0" width="118"/>
  <col visible="1" hide="0" title="Дата" num="1" width="92"/>
  <col visible="1" hide="0" title="Наименование" num="2" width="190"/>
  <col visible="1" hide="0" title="Склад поступления" num="3" width="196"/>
  <col visible="1" hide="0" title="Склад списания" num="4" width="198"/>
  <col visible="1" hide="0" title="Заметки" num="5" width="489"/>
 </docsU>
 <docsMI_filter date_month="1" search_value="" date_week="0" date_check="1" date_period="0" firm_value="280" firm_check="0" date_to="2017-08-29 23:59:59" sklad_in_value="12" date_from="2017-07-30 00:00:01" sort_value="`docsM`.`id`" sklad_in_check="0" sort_asc="1" search_check="0"/>
 <sell_rw client_check="0" client_value="468" date_month="0" search_value="" status_value="0" date_week="0" date_check="1" date_period="1" firm_value="232" firm_check="0" date_to="2017-08-31 23:59:59" date_from="2017-08-01 00:00:01" sort_value="`sell`.`id`" status_check="0" sort_asc="1" search_check="0"/>
 <sell_ow date_month="1" search_value="" status_value="0" date_week="0" date_check="0" date_period="0" firm_value="232" firm_check="0" date_to="2017-09-08 23:59:59" date_from="2017-08-09 00:00:01" sort_value="`clients`.`fam`" status_check="0" sort_asc="0" search_check="0"/>
 <docsF32_filter date_month="1" search_value="" sklad_out_value="12" sklad_out_check="0" date_week="0" date_check="1" date_period="0" date_to="2017-08-29 23:59:59" sklad_in_value="4" date_from="2017-07-30 00:00:01" sort_value="`docsP`.`id`" sklad_in_check="0" sort_asc="1" search_check="0"/>
 <pay_filter pay_check="0" date_to="2017-12-14 23:59:59" payN_value="1" client_check="0" search_value="пред" cost_check="0" firm_value="27" cost_value="24" date_month="0" client_value="3" sort_value="`pay`.`ddate`" sort_asc="1" firm_check="0" payY_value="0" date_week="0" date_check="1" search_check="0" date_from="2017-01-01 00:00:01" date_period="1"/>
 <sell_ru client_check="0" client_value="5" date_month="0" search_value="" status_value="0" date_week="0" date_check="0" date_period="1" firm_value="28" firm_check="0" date_to="2017-05-11 23:59:59" date_from="2017-05-01 00:00:01" sort_value="`sell`.`ddate`" status_check="0" sort_asc="1" search_check="0"/>
 <clients>
  <col visible="0" hide="1" title="id" num="0" width="100"/>
  <col visible="1" hide="0" title="Фамилия Имя" num="1" width="147"/>
  <col visible="0" hide="0" title="Контакты" num="2" width="192"/>
  <col visible="1" hide="0" title="Телефон" num="3" width="127"/>
  <col visible="1" hide="0" title="E-mail" num="4" width="145"/>
  <col visible="1" hide="0" title="Адрес" num="5" width="373"/>
  <col visible="1" hide="0" title="Реклама" num="6" width="128"/>
  <col visible="1" hide="0" title="Кол-во заказов" num="7" width="116"/>
  <col visible="1" hide="0" title="Кол-во ед.товаров" num="8" width="111"/>
  <col visible="1" hide="0" title="Куплено на сумму" num="9" width="116"/>
 </clients>
 <docsPI_filter date_month="1" search_value="" date_week="0" date_check="0" date_period="0" firm_value="1" firm_check="0" date_to="2017-08-29 23:59:59" sklad_in_value="2" date_from="2017-07-30 00:00:01" sort_value="`docsP`.`id`" sklad_in_check="0" sort_asc="0" search_check="0"/>
 <doc_perem>
  <col visible="1" hide="0" title="Номер" num="0" width="100"/>
  <col visible="1" hide="0" title="Дата" num="1" width="100"/>
  <col visible="1" hide="0" title="Наименование" num="2" width="353"/>
  <col visible="1" hide="0" title="Склад отправитель" num="3" width="226"/>
  <col visible="1" hide="0" title="Склад получатель" num="4" width="189"/>
  <col visible="1" hide="0" title="Примечание" num="5" width="295"/>
 </doc_perem>
 <invoice_filter date_month="1" search_value="" date_week="0" date_check="1" date_period="0" firm_value="1" firm_check="0" date_to="2017-09-25 23:59:59" date_from="2017-08-26 00:00:01" sort_value="`invoice`.`ddate`" sort_asc="0" search_check="0"/>
 <docsF31_filter date_month="1" search_value="" sklad_out_value="1" sklad_out_check="0" date_week="0" date_check="1" date_period="0" date_to="2017-08-29 23:59:59" sklad_in_value="1" date_from="2017-07-30 00:00:01" sort_value="`docsM`.`ddate`" sklad_in_check="0" sort_asc="1" search_check="0"/>
 <jobs>
  <col visible="0" hide="1" title="id" num="0" width="100"/>
  <col visible="1" hide="0" title="Наименование" num="1" width="220"/>
  <col visible="1" hide="0" title="Стоимость" num="2" width="148"/>
  <col visible="1" hide="0" title="Ден. ед." num="3" width="114"/>
  <col visible="1" hide="0" title="Примечание" num="4" width="801"/>
 </jobs>
 <docsD_filter date_to="2017-12-31 23:59:59" client_check="0" status_value="1" search_value="Лондон" firm_value="2" status_check="0" date_month="1" docsD_s="0" client_value="1" sort_value="`docsD`.`id`" firmP_value="0" docsD_p="1" sort_asc="1" firm_check="0" date_week="0" date_check="0" search_check="0" docsD_check="0" date_from="2017-01-01 00:00:01" date_period="0"/>
 <payment_filter client_check="0" payVec_value="0" payVec_check="0" client_value="1" date_month="1" date_week="0" date_check="1" date_period="0" firm_value="2" firm_check="1" date_to="2017-09-19 23:59:59" date_from="2017-01-01 00:00:01"/>
 <salary_filter salary_value="Заработная плата" date_month="0" search_value="Ав" date_week="0" date_check="1" date_period="1" salary_check="0" date_to="2017-12-31 23:59:59" date_from="2017-01-01 00:00:01" sort_value="`salary`.`id`" sort_asc="1" search_check="0"/>
 <sell_ou date_month="1" search_value="" status_value="3" date_week="0" date_check="1" date_period="0" firm_value="2" firm_check="0" date_to="2017-06-11 23:59:59" date_from="2017-06-09 00:00:01" sort_value="`sell`.`ddate`" status_check="0" sort_asc="1" search_check="0"/>
 <cost_operation>
  <col visible="0" hide="1" title="ID" num="0" width="100"/>
  <col visible="0" hide="1" title="pID" num="1" width="100"/>
  <col visible="1" hide="0" title="Операция" num="2" width="354"/>
  <col visible="1" hide="0" title="Контрагент" num="3" width="147"/>
  <col visible="1" hide="0" title="Клиент" num="4" width="100"/>
  <col visible="1" hide="0" title="Менеджер" num="5" width="247"/>
  <col visible="0" hide="0" title="Комментарий" num="6" width="185"/>
  <col visible="1" hide="0" title="Сумма" num="7" width="180"/>
  <col visible="1" hide="0" title="Баланс" num="8" width="255"/>
 </cost_operation>
 <currency>
  <col visible="0" hide="1" title="id" num="0" width="100"/>
  <col visible="1" hide="0" title="Наименование" num="1" width="380"/>
  <col visible="1" hide="0" title="Код" num="2" width="220"/>
  <col visible="1" hide="0" title="Курс" num="3" width="683"/>
 </currency>
 <docsP>
  <col visible="1" hide="0" title="Номер" num="0" width="100"/>
  <col visible="1" hide="0" title="Дата" num="1" width="144"/>
  <col visible="1" hide="0" title="Наименование" num="2" width="196"/>
  <col visible="1" hide="0" title="Склад" num="3" width="173"/>
  <col visible="1" hide="0" title="Контрагент" num="4" width="159"/>
  <col visible="1" hide="0" title="Примечание" num="5" width="656"/>
 </docsP>
 <invoice>
  <col visible="1" hide="0" title="Номер" num="0" width="80"/>
  <col visible="1" hide="0" title="Дата" num="1" width="135"/>
  <col visible="1" hide="0" title="Контрагент" num="2" width="284"/>
  <col visible="1" hide="0" title="Кол-во наименований" num="3" width="207"/>
  <col visible="1" hide="0" title="Заметки менеджера" num="4" width="557"/>
 </invoice>
 <docsBuy>
  <col visible="1" hide="0" title="Номер" num="0" width="100"/>
  <col visible="1" hide="0" title="Контрагент" num="1" width="288"/>
  <col visible="1" hide="0" title="Договор" num="2" width="223"/>
  <col visible="1" hide="0" title="Примечание" num="3" width="400"/>
  <col visible="1" hide="0" title="Документов" num="4" width="252"/>
 </docsBuy>
 <docsF>
  <col visible="1" hide="0" title="Номер" num="0" width="100"/>
  <col visible="1" hide="0" title="Дата" num="1" width="135"/>
  <col visible="1" hide="0" title="Наименование" num="2" width="237"/>
  <col visible="1" hide="0" title="Склад" num="3" width="215"/>
  <col visible="1" hide="0" title="Примечание" num="4" width="120"/>
  <col visible="1" hide="0" title="Кол-во наименований" num="5" width="456"/>
 </docsF>
 <docsSP>
  <col visible="1" hide="0" title="Номер" num="0" width="100"/>
  <col visible="1" hide="0" title="Дата" num="1" width="151"/>
  <col visible="1" hide="0" title="Наименование" num="2" width="345"/>
  <col visible="1" hide="0" title="Объект" num="3" width="339"/>
  <col visible="1" hide="0" title="Примечание" num="4" width="328"/>
 </docsSP>
 <docsZ>
  <col visible="1" hide="0" title="Номер" num="0" width="62"/>
  <col visible="0" hide="0" title="Treko" num="1" width="100"/>
  <col visible="1" hide="0" title="Дата" num="2" width="124"/>
  <col visible="1" hide="0" title="Контрагент" num="3" width="161"/>
  <col visible="1" hide="0" title="Покупатель" num="4" width="157"/>
  <col visible="1" hide="0" title="E-mail" num="5" width="201"/>
  <col visible="0" hide="0" title="Телефон" num="6" width="100"/>
  <col visible="1" hide="0" title="Адрес" num="7" width="212"/>
  <col visible="1" hide="0" title="Доставка" num="8" width="97"/>
  <col visible="1" hide="0" title="Оплата" num="9" width="275"/>
  <col visible="0" hide="0" title="Комментарий клиента" num="10" width="100"/>
  <col visible="0" hide="0" title="Заметки менеджера" num="11" width="100"/>
  <col visible="1" hide="0" title="Список товаров" num="12" width="186"/>
 </docsZ>
 <sells>
  <col visible="1" hide="0" title="Номер" num="0" width="53"/>
  <col visible="1" hide="0" title="Дата" num="1" width="113"/>
  <col visible="1" hide="0" title="Контрагент" num="2" width="152"/>
  <col visible="1" hide="0" title="Покупатель" num="3" width="142"/>
  <col visible="1" hide="0" title="Сумма" num="4" width="107"/>
  <col visible="0" hide="0" title="Вид доставки" num="5" width="104"/>
  <col visible="1" hide="0" title="Статус доставки" num="6" width="135"/>
  <col visible="0" hide="0" title="Способ оплаты" num="7" width="185"/>
  <col visible="1" hide="0" title="Статус оплаты" num="8" width="149"/>
  <col visible="0" hide="0" title="Комментарий" num="9" width="103"/>
  <col visible="1" hide="0" title="Статус накладной" num="10" width="412"/>
 </sells>
 <docsD>
  <col visible="1" hide="0" title="Номер" num="0" width="56"/>
  <col visible="1" hide="0" title="Вид" num="1" width="93"/>
  <col visible="1" hide="0" title="Дата документа" num="2" width="119"/>
  <col visible="1" hide="0" title="Получатель" num="3" width="201"/>
  <col visible="1" hide="0" title="Адрес" num="4" width="268"/>
  <col visible="1" hide="0" title="Перевозчик" num="5" width="100"/>
  <col visible="1" hide="0" title="ТТН" num="6" width="123"/>
  <col visible="1" hide="0" title="Дата отправки" num="7" width="112"/>
  <col visible="1" hide="0" title="Статус" num="8" width="108"/>
  <col visible="1" hide="0" title="Примечание" num="9" width="83"/>
 </docsD>
 <pays>
  <col visible="1" hide="0" title="Номер" num="0" width="59"/>
  <col visible="1" hide="0" title="Дата" num="1" width="130"/>
  <col visible="0" hide="0" title="Вид платежа" num="2" width="247"/>
  <col visible="1" hide="0" title="Контагент" num="3" width="170"/>
  <col visible="1" hide="0" title="Покупатель" num="4" width="156"/>
  <col visible="0" hide="0" title="Причина" num="5" width="167"/>
  <col visible="1" hide="0" title="Дата оплаты" num="6" width="129"/>
  <col visible="1" hide="0" title="Сумма" num="7" width="100"/>
  <col visible="1" hide="0" title="Валюта" num="8" width="76"/>
  <col visible="1" hide="0" title="Счет" num="9" width="161"/>
  <col visible="1" hide="0" title="Комментарий" num="10" width="282"/>
 </pays>
 <materials>
  <col visible="1" hide="0" title="Артикул" num="0" width="61"/>
  <col visible="1" hide="0" title="Наименование" num="1" width="208"/>
  <col visible="1" hide="0" title="Количество" num="2" width="60"/>
  <col visible="1" hide="0" title="Ед. изм." num="3" width="83"/>
  <col visible="0" hide="0" title="Мин. остаток" num="4" width="100"/>
  <col visible="1" hide="0" title="Примечание" num="5" width="545"/>
 </materials>
 <products>
  <col visible="1" hide="0" title="Артикул" num="0" width="100"/>
  <col visible="1" hide="0" title="Наименование" num="1" width="319"/>
  <col visible="1" hide="0" title="Количество" num="2" width="100"/>
  <col visible="1" hide="0" title="Ед. изм." num="3" width="100"/>
  <col visible="0" hide="0" title="Мин. остаток" num="4" width="100"/>
  <col visible="0" hide="0" title="Примечание" num="5" width="100"/>
  <col visible="1" hide="0" title="Связан с..." num="6" width="348"/>
 </products>
 <sklad>
  <col visible="0" hide="1" title="id" num="0" width="100"/>
  <col visible="1" hide="0" title="Вид" num="1" width="241"/>
  <col visible="1" hide="0" title="Наименование" num="2" width="259"/>
  <col visible="1" hide="0" title="Примечание" num="3" width="783"/>
 </sklad>
 <firms>
  <col visible="0" hide="1" title="id" num="0" width="100"/>
  <col visible="1" hide="0" title="Наименование" num="1" width="232"/>
  <col visible="1" hide="0" title="Контактное лицо" num="2" width="173"/>
  <col visible="1" hide="0" title="Сайт" num="3" width="100"/>
  <col visible="1" hide="0" title="Телефон" num="4" width="100"/>
  <col visible="1" hide="0" title="E-mail" num="5" width="100"/>
  <col visible="1" hide="0" title="Адрес" num="6" width="100"/>
  <col visible="1" hide="0" title="Реквизиты банка" num="7" width="100"/>
  <col visible="1" hide="0" title="Примечание" num="8" width="32"/>
 </firms>
 <ptype>
  <col visible="0" hide="1" title="id" num="0" width="100"/>
  <col visible="1" hide="0" title="Наименование" num="1" width="330"/>
  <col visible="1" hide="0" title="Валюта" num="2" width="151"/>
  <col visible="1" hide="0" title="Описание" num="3" width="1083"/>
 </ptype>
 <salary>
  <col visible="1" hide="0" title="Номер" num="0" width="100"/>
  <col visible="1" hide="0" title="Дата" num="1" width="110"/>
  <col visible="1" hide="0" title="Вид начисления" num="2" width="179"/>
  <col visible="1" hide="0" title="Период" num="3" width="100"/>
  <col visible="1" hide="0" title="Сумма" num="4" width="130"/>
  <col visible="1" hide="0" title="Примечание" num="5" width="644"/>
 </salary>
 <docsM>
  <col visible="1" hide="0" title="Номер" num="0" width="100"/>
  <col visible="1" hide="0" title="Дата" num="1" width="149"/>
  <col visible="1" hide="0" title="Наименование" num="2" width="335"/>
  <col visible="1" hide="0" title="Склад" num="3" width="179"/>
  <col visible="1" hide="0" title="Контрагент" num="4" width="199"/>
  <col visible="1" hide="0" title="Примечание" num="5" width="310"/>
 </docsM>
</s>
