<?xml version='1.0' encoding='UTF-8'?>
<s>
 <app regmail="" regname="" login="ev">
  <pos y="23" x="47"/>
  <size height="614" width="1101"/>
 </app>
 <docsM_form>
  <pos y="5" x="5"/>
  <size height="600" width="800"/>
 </docsM_form>
 <docsP_form>
  <size height="600" width="800"/>
  <pos y="5" x="5"/>
 </docsP_form>
 <doc_perem_form>
  <size height="600" width="800"/>
  <pos y="5" x="5"/>
 </doc_perem_form>
 <docsD_form>
  <size height="600" width="800"/>
  <pos y="5" x="5"/>
 </docsD_form>
 <docsF_form>
  <size height="600" width="800"/>
  <pos y="5" x="5"/>
 </docsF_form>
 <docsF_form_item>
  <size height="600" width="800"/>
  <pos y="5" x="5"/>
 </docsF_form_item>
 <docsPV_form>
  <size height="600" width="800"/>
  <pos y="5" x="5"/>
 </docsPV_form>
 <docsSP_form>
  <size height="600" width="800"/>
  <pos y="5" x="5"/>
 </docsSP_form>
 <docsZ_form>
  <size height="600" width="800"/>
  <pos y="5" x="5"/>
 </docsZ_form>
 <firms_form>
  <size height="600" width="800"/>
  <pos y="5" x="5"/>
 </firms_form>
 <order_form>
  <size height="600" width="800"/>
  <pos y="5" x="5"/>
 </order_form>
 <pay_form>
  <size height="600" width="800"/>
  <pos y="5" x="5"/>
 </pay_form>
 <select_material>
  <size height="600" width="800"/>
  <pos y="5" x="5"/>
 </select_material>
 <select_product>
  <size height="600" width="800"/>
  <pos y="5" x="5"/>
 </select_product>
 <vendor>
  <size height="600" width="800"/>
  <pos y="5" x="5"/>
 </vendor>
 <preferences dir="" mp="" mb="" p="0" c="0" a="0" mf="">
  <size height="600" width="800"/>
  <pos y="5" x="5"/>
 </preferences>
 <salary_form>
  <size height="600" width="800"/>
  <pos y="5" x="5"/>
 </salary_form>
 <pay_new>
  <size height="600" width="800"/>
  <pos y="5" x="5"/>
 </pay_new>
 <wlog>
  <pos y="5" x="5"/>
  <size height="600" width="1005"/>
 </wlog>
 <invoice_form>
  <size height="600" width="800"/>
  <pos y="5" x="5"/>
 </invoice_form>
 <docsBuy_form>
  <size height="600" width="800"/>
  <pos y="5" x="5"/>
 </docsBuy_form>
 <docsMO_filter date_from="2017-07-30 00:00:01" date_month="1" search_value="" date_week="0" date_to="2017-08-29 23:59:59" search_check="0" date_period="0" date_check="1" sklad_out_check="0" sort_value="`docsM`.`id`" sklad_out_value="5" sort_asc="1"/>
 <docsUF_filter date_from="2017-07-30 00:00:01" sklad_in_check="1" date_month="0" search_value="" date_week="0" date_to="2017-08-29 23:59:59" search_check="0" sklad_in_value="5" date_period="1" date_check="0" sklad_out_check="0" sort_value="`docsUF`.`id`" sklad_out_value="4" sort_asc="1"/>
 <order_ow date_from="2017-07-30 00:00:01" firm_value="29" date_month="0" search_value="" date_week="0" date_to="2017-08-29 23:59:59" search_check="0" date_period="1" date_check="0" sort_value="`order`.`id`" sort_asc="1" firm_check="0"/>
 <invoiceF date_from="2017-07-23 00:00:01" sort="0" firm_v="0" firm_c="0" date_to="2017-08-22 23:59:59" month_c="1" week_c="0" date_c="0" vid="0"/>
 <docsBuyF sort="1" firm_v="2" firm_c="0" contract_v="" contract_c="0" vid="0"/>
 <costs>
  <col visible="0" title="id" num="0" hide="1" width="100"/>
  <col visible="1" title="Ответственный" num="1" hide="0" width="366"/>
  <col visible="1" title="Наименование" num="2" hide="0" width="304"/>
  <col visible="1" title="Валюта" num="3" hide="0" width="613"/>
 </costs>
 <buy_filter firm_value="26" search_value="76" search_check="0" sort_value="`docsBuy`.`id`" sort_asc="0" firm_check="0"/>
 <peremMP_filter date_from="2017-08-01 00:00:01" sklad_in_check="0" date_month="0" search_value="" date_week="1" date_to="2017-08-31 23:59:59" search_check="0" sklad_in_value="4" date_period="0" date_check="0" sklad_out_check="0" sort_value="`docsPerem`.`ddate`" sklad_out_value="6" sort_asc="0"/>
 <order_corp date_from="2017-07-30 00:00:01" status_check="0" firm_value="10" date_month="0" search_value="" date_week="1" date_to="2017-08-29 23:59:59" search_check="0" date_period="0" date_check="0" status_value="0" sort_value="`order`.`treko`" sort_asc="1" firm_check="0"/>
 <docsPO_filter date_from="2017-01-01 00:00:01" date_month="0" search_value="" date_week="0" date_to="2017-12-31 23:59:59" search_check="0" date_period="1" date_check="1" sklad_out_check="0" sort_value="`docsP`.`id`" sklad_out_value="4" sort_asc="1"/>
 <docsV_filter date_from="2017-01-01 00:00:01" sklad_in_check="0" date_month="0" search_value="" date_week="0" date_to="2017-08-29 23:59:59" search_check="0" sklad_in_value="4" date_period="1" date_check="0" sort_value="`docsP`.`id`" sort_asc="0"/>
 <cost_operation_form>
  <size height="335" width="965"/>
  <pos y="187" x="188"/>
 </cost_operation_form>
 <peremPP_filter date_from="2017-01-01 00:00:01" sklad_in_check="0" date_month="1" search_value="" date_week="0" date_to="2017-08-31 23:59:59" search_check="0" sklad_in_value="7" date_period="0" date_check="0" sklad_out_check="0" sort_value="`docsPerem`.`id`" sklad_out_value="4" sort_asc="1"/>
 <peremPM_filter date_from="2017-08-09 00:00:01" sklad_in_check="0" date_month="1" search_value="" date_week="0" date_to="2017-09-08 23:59:59" search_check="0" sklad_in_value="5" date_period="0" date_check="0" sklad_out_check="0" sort_value="`docsPerem`.`ddate`" sklad_out_value="4" sort_asc="0"/>
 <sell_corp date_from="2017-08-09 00:00:01" status_check="0" firm_value="10" date_month="1" search_value="" date_week="0" date_to="2017-09-08 23:59:59" search_check="0" date_period="0" date_check="0" status_value="0" sort_value="`clients`.`fam`" sort_asc="0" firm_check="0"/>
 <sell_fest date_from="2017-08-09 00:00:01" status_check="0" firm_value="22" date_month="1" search_value="" date_week="0" date_to="2017-09-08 23:59:59" search_check="0" date_period="0" date_check="0" status_value="0" sort_value="`clients`.`fam`" sort_asc="0" firm_check="0"/>
 <peremMM_filter date_from="2017-01-01 00:00:01" sklad_in_check="0" date_month="1" search_value="" date_week="0" date_to="2017-12-31 23:59:59" search_check="0" sklad_in_value="12" date_period="0" date_check="1" sklad_out_check="0" sort_value="`docsPerem`.`id`" sklad_out_value="12" sort_asc="1"/>
 <order_rw date_from="2017-06-01 00:00:01" status_check="0" firm_value="232" date_month="1" search_value="" date_week="0" date_to="2017-08-29 23:59:59" search_check="0" date_period="0" date_check="1" client_value="3" status_value="0" sort_value="`order`.`id`" client_check="0" sort_asc="0" firm_check="0"/>
 <order_ru date_from="2017-06-20 00:00:01" status_check="0" firm_value="28" date_month="1" search_value="Шев" date_week="0" date_to="2017-08-29 23:59:59" search_check="0" date_period="0" date_check="0" client_value="4" status_value="0" sort_value="`order`.`ddate`" client_check="0" sort_asc="0" firm_check="0"/>
 <order_ou date_from="2017-06-15 00:00:01" status_check="0" firm_value="5" date_month="0" search_value="" date_week="0" date_to="2017-08-29 23:59:59" search_check="0" date_period="1" date_check="0" status_value="2" sort_value="`order`.`ddate`" sort_asc="1" firm_check="0"/>
 <specF31_filter date_from="2017-01-01 00:00:01" date_month="0" search_value="" date_week="0" date_to="2017-08-29 23:59:59" search_check="0" date_period="1" date_check="0" sort_value="`docsSP`.`id`" object_check="0" object_value="30" sort_asc="1"/>
 <specF32_filter date_from="2017-07-30 00:00:01" date_month="1" search_value="" date_week="0" date_to="2017-08-29 23:59:59" search_check="0" date_period="0" date_check="0" sort_value="`docsSP`.`id`" object_check="0" object_value="21" sort_asc="0"/>
 <docsU>
  <col visible="1" title="Номер" num="0" hide="0" width="118"/>
  <col visible="1" title="Дата" num="1" hide="0" width="92"/>
  <col visible="1" title="Наименование" num="2" hide="0" width="190"/>
  <col visible="1" title="Склад поступления" num="3" hide="0" width="196"/>
  <col visible="1" title="Склад списания" num="4" hide="0" width="198"/>
  <col visible="1" title="Заметки" num="5" hide="0" width="489"/>
 </docsU>
 <docsMI_filter date_from="2017-07-30 00:00:01" sklad_in_check="0" firm_value="280" date_month="1" search_value="" date_week="0" date_to="2017-08-29 23:59:59" search_check="0" sklad_in_value="12" date_period="0" date_check="1" sort_value="`docsM`.`id`" sort_asc="1" firm_check="0"/>
 <sell_rw date_from="2017-08-01 00:00:01" status_check="0" firm_value="232" date_month="0" search_value="" date_week="0" date_to="2017-08-31 23:59:59" search_check="0" date_period="1" date_check="1" client_value="468" status_value="0" sort_value="`sell`.`id`" client_check="0" sort_asc="1" firm_check="0"/>
 <sell_ow date_from="2017-08-09 00:00:01" status_check="0" firm_value="232" date_month="1" search_value="" date_week="0" date_to="2017-09-08 23:59:59" search_check="0" date_period="0" date_check="0" status_value="0" sort_value="`clients`.`fam`" sort_asc="0" firm_check="0"/>
 <docsF32_filter date_from="2017-07-30 00:00:01" sklad_in_check="0" date_month="1" search_value="" date_week="0" date_to="2017-08-29 23:59:59" search_check="0" sklad_in_value="4" date_period="0" date_check="1" sklad_out_check="0" sort_value="`docsP`.`id`" sklad_out_value="12" sort_asc="1"/>
 <pay_filter cost_value="24" date_week="0" sort_value="`pay`.`ddate`" client_value="3" date_from="2017-01-01 00:00:01" date_to="2017-12-14 23:59:59" cost_check="0" pay_check="0" firm_value="27" sort_asc="1" date_month="0" payN_value="1" date_period="1" payY_value="0" search_value="пред" firm_check="0" client_check="0" search_check="0" date_check="1"/>
 <sell_ru date_from="2017-05-01 00:00:01" status_check="0" firm_value="28" date_month="0" search_value="" date_week="0" date_to="2017-05-11 23:59:59" search_check="0" date_period="1" date_check="0" client_value="5" status_value="0" sort_value="`sell`.`ddate`" client_check="0" sort_asc="1" firm_check="0"/>
 <clients>
  <col visible="0" title="id" num="0" hide="1" width="100"/>
  <col visible="1" title="Фамилия �?мя" num="1" hide="0" width="147"/>
  <col visible="0" title="Контакты" num="2" hide="0" width="192"/>
  <col visible="1" title="Телефон" num="3" hide="0" width="127"/>
  <col visible="1" title="E-mail" num="4" hide="0" width="145"/>
  <col visible="1" title="Адрес" num="5" hide="0" width="373"/>
  <col visible="1" title="Реклама" num="6" hide="0" width="128"/>
  <col visible="1" title="Кол-во заказов" num="7" hide="0" width="116"/>
  <col visible="1" title="Кол-во ед.товаров" num="8" hide="0" width="111"/>
  <col visible="1" title="Куплено на сумму" num="9" hide="0" width="116"/>
 </clients>
 <docsPI_filter date_from="2017-07-30 00:00:01" sklad_in_check="0" firm_value="1" date_month="1" search_value="" date_week="0" date_to="2017-08-29 23:59:59" search_check="0" sklad_in_value="2" date_period="0" date_check="0" sort_value="`docsP`.`id`" sort_asc="0" firm_check="0"/>
 <doc_perem>
  <col visible="1" title="Номер" num="0" hide="0" width="100"/>
  <col visible="1" title="Дата" num="1" hide="0" width="100"/>
  <col visible="1" title="Наименование" num="2" hide="0" width="353"/>
  <col visible="1" title="Склад отправитель" num="3" hide="0" width="226"/>
  <col visible="1" title="Склад получатель" num="4" hide="0" width="189"/>
  <col visible="1" title="Примечание" num="5" hide="0" width="295"/>
 </doc_perem>
 <invoice_filter date_from="2017-08-26 00:00:01" firm_value="1" date_month="1" search_value="" date_week="0" date_to="2017-09-25 23:59:59" search_check="0" date_period="0" date_check="1" sort_value="`invoice`.`ddate`" sort_asc="0" firm_check="0"/>
 <docsF31_filter date_from="2017-07-30 00:00:01" sklad_in_check="0" date_month="1" search_value="" date_week="0" date_to="2017-08-29 23:59:59" search_check="0" sklad_in_value="1" date_period="0" date_check="1" sklad_out_check="0" sort_value="`docsM`.`ddate`" sklad_out_value="1" sort_asc="1"/>
 <jobs>
  <col visible="0" title="id" num="0" hide="1" width="100"/>
  <col visible="1" title="Наименование" num="1" hide="0" width="220"/>
  <col visible="1" title="Стоимость" num="2" hide="0" width="148"/>
  <col visible="1" title="Ден. ед." num="3" hide="0" width="114"/>
  <col visible="1" title="Примечание" num="4" hide="0" width="801"/>
 </jobs>
 <docsD_filter date_week="0" sort_value="`docsD`.`id`" firmP_value="0" client_value="1" docsD_check="0" status_value="1" date_from="2017-01-01 00:00:01" date_to="2017-12-31 23:59:59" docsD_s="0" firm_value="2" sort_asc="1" date_month="1" date_period="0" docsD_p="1" search_value="Лондон" status_check="0" firm_check="0" client_check="0" search_check="0" date_check="0"/>
 <payment_filter date_from="2017-01-01 00:00:01" firm_value="2" date_month="1" date_week="0" date_to="2017-09-19 23:59:59" payVec_check="0" payVec_value="0" date_period="0" date_check="1" client_value="1" client_check="0" firm_check="1"/>
 <salary_filter date_from="2017-01-01 00:00:01" salary_check="0" date_month="0" salary_value="Заработная плата" search_value="Ав" date_week="0" date_to="2017-12-31 23:59:59" search_check="0" date_period="1" date_check="1" sort_value="`salary`.`id`" sort_asc="1"/>
 <sell_ou date_from="2017-06-09 00:00:01" status_check="0" firm_value="2" date_month="1" search_value="" date_week="0" date_to="2017-06-11 23:59:59" search_check="0" date_period="0" date_check="1" status_value="3" sort_value="`sell`.`ddate`" sort_asc="1" firm_check="0"/>
 <cost_operation>
  <col visible="0" title="ID" num="0" hide="1" width="100"/>
  <col visible="0" title="pID" num="1" hide="1" width="100"/>
  <col visible="1" title="Операция" num="2" hide="0" width="354"/>
  <col visible="1" title="Контрагент" num="3" hide="0" width="147"/>
  <col visible="1" title="Клиент" num="4" hide="0" width="100"/>
  <col visible="1" title="Менеджер" num="5" hide="0" width="247"/>
  <col visible="0" title="Комментарий" num="6" hide="0" width="185"/>
  <col visible="1" title="Сумма" num="7" hide="0" width="180"/>
  <col visible="1" title="Баланс" num="8" hide="0" width="255"/>
 </cost_operation>
 <currency>
  <col visible="0" title="id" num="0" hide="1" width="100"/>
  <col visible="1" title="Наименование" num="1" hide="0" width="380"/>
  <col visible="1" title="Код" num="2" hide="0" width="220"/>
  <col visible="1" title="Курс" num="3" hide="0" width="683"/>
 </currency>
 <docsP>
  <col visible="1" title="Номер" num="0" hide="0" width="100"/>
  <col visible="1" title="Дата" num="1" hide="0" width="144"/>
  <col visible="1" title="Наименование" num="2" hide="0" width="196"/>
  <col visible="1" title="Склад" num="3" hide="0" width="173"/>
  <col visible="1" title="Контрагент" num="4" hide="0" width="159"/>
  <col visible="1" title="Примечание" num="5" hide="0" width="656"/>
 </docsP>
 <invoice>
  <col visible="1" title="Номер" num="0" hide="0" width="80"/>
  <col visible="1" title="Дата" num="1" hide="0" width="135"/>
  <col visible="1" title="Контрагент" num="2" hide="0" width="284"/>
  <col visible="1" title="Кол-во наименований" num="3" hide="0" width="207"/>
  <col visible="1" title="Заметки менеджера" num="4" hide="0" width="557"/>
 </invoice>
 <docsBuy>
  <col visible="1" title="Номер" num="0" hide="0" width="100"/>
  <col visible="1" title="Контрагент" num="1" hide="0" width="288"/>
  <col visible="1" title="Договор" num="2" hide="0" width="223"/>
  <col visible="1" title="Примечание" num="3" hide="0" width="400"/>
  <col visible="1" title="Документов" num="4" hide="0" width="252"/>
 </docsBuy>
 <docsF>
  <col visible="1" title="Номер" num="0" hide="0" width="100"/>
  <col visible="1" title="Дата" num="1" hide="0" width="135"/>
  <col visible="1" title="Наименование" num="2" hide="0" width="237"/>
  <col visible="1" title="Склад" num="3" hide="0" width="215"/>
  <col visible="1" title="Примечание" num="4" hide="0" width="120"/>
  <col visible="1" title="Кол-во наименований" num="5" hide="0" width="456"/>
 </docsF>
 <docsSP>
  <col visible="1" title="Номер" num="0" hide="0" width="100"/>
  <col visible="1" title="Дата" num="1" hide="0" width="151"/>
  <col visible="1" title="Наименование" num="2" hide="0" width="345"/>
  <col visible="1" title="Объект" num="3" hide="0" width="339"/>
  <col visible="1" title="Примечание" num="4" hide="0" width="328"/>
 </docsSP>
 <docsZ>
  <col visible="1" title="Номер" num="0" hide="0" width="62"/>
  <col visible="0" title="Treko" num="1" hide="0" width="100"/>
  <col visible="1" title="Дата" num="2" hide="0" width="124"/>
  <col visible="1" title="Контрагент" num="3" hide="0" width="161"/>
  <col visible="1" title="Покупатель" num="4" hide="0" width="157"/>
  <col visible="1" title="E-mail" num="5" hide="0" width="201"/>
  <col visible="0" title="Телефон" num="6" hide="0" width="100"/>
  <col visible="1" title="Адрес" num="7" hide="0" width="212"/>
  <col visible="1" title="Доставка" num="8" hide="0" width="97"/>
  <col visible="1" title="Оплата" num="9" hide="0" width="275"/>
  <col visible="0" title="Комментарий клиента" num="10" hide="0" width="100"/>
  <col visible="0" title="Заметки менеджера" num="11" hide="0" width="100"/>
  <col visible="1" title="Список товаров" num="12" hide="0" width="186"/>
 </docsZ>
 <docsD>
  <col visible="1" title="Номер" num="0" hide="0" width="56"/>
  <col visible="1" title="Вид" num="1" hide="0" width="93"/>
  <col visible="1" title="Дата документа" num="2" hide="0" width="119"/>
  <col visible="1" title="Получатель" num="3" hide="0" width="201"/>
  <col visible="1" title="Адрес" num="4" hide="0" width="268"/>
  <col visible="1" title="Перевозчик" num="5" hide="0" width="100"/>
  <col visible="1" title="ТТН" num="6" hide="0" width="123"/>
  <col visible="1" title="Дата отправки" num="7" hide="0" width="112"/>
  <col visible="1" title="Статус" num="8" hide="0" width="108"/>
  <col visible="1" title="Примечание" num="9" hide="0" width="83"/>
 </docsD>
 <pays>
  <col visible="1" title="Номер" num="0" hide="0" width="59"/>
  <col visible="1" title="Дата" num="1" hide="0" width="130"/>
  <col visible="0" title="Вид платежа" num="2" hide="0" width="247"/>
  <col visible="1" title="Контагент" num="3" hide="0" width="170"/>
  <col visible="1" title="Покупатель" num="4" hide="0" width="156"/>
  <col visible="0" title="Причина" num="5" hide="0" width="167"/>
  <col visible="1" title="Дата оплаты" num="6" hide="0" width="129"/>
  <col visible="1" title="Сумма" num="7" hide="0" width="100"/>
  <col visible="1" title="Валюта" num="8" hide="0" width="76"/>
  <col visible="1" title="Счет" num="9" hide="0" width="161"/>
  <col visible="1" title="Комментарий" num="10" hide="0" width="282"/>
 </pays>
 <products>
  <col visible="1" title="Артикул" num="0" hide="0" width="100"/>
  <col visible="1" title="Наименование" num="1" hide="0" width="319"/>
  <col visible="1" title="Количество" num="2" hide="0" width="100"/>
  <col visible="1" title="Ед. изм." num="3" hide="0" width="100"/>
  <col visible="0" title="Мин. остаток" num="4" hide="0" width="100"/>
  <col visible="0" title="Примечание" num="5" hide="0" width="100"/>
  <col visible="1" title="Связан с..." num="6" hide="0" width="348"/>
 </products>
 <sklad>
  <col visible="0" title="id" num="0" hide="1" width="100"/>
  <col visible="1" title="Вид" num="1" hide="0" width="241"/>
  <col visible="1" title="Наименование" num="2" hide="0" width="259"/>
  <col visible="1" title="Примечание" num="3" hide="0" width="783"/>
 </sklad>
 <firms>
  <col visible="0" title="id" num="0" hide="1" width="100"/>
  <col visible="1" title="Наименование" num="1" hide="0" width="232"/>
  <col visible="1" title="Контактное лицо" num="2" hide="0" width="173"/>
  <col visible="1" title="Сайт" num="3" hide="0" width="100"/>
  <col visible="1" title="Телефон" num="4" hide="0" width="100"/>
  <col visible="1" title="E-mail" num="5" hide="0" width="100"/>
  <col visible="1" title="Адрес" num="6" hide="0" width="100"/>
  <col visible="1" title="Реквизиты банка" num="7" hide="0" width="100"/>
  <col visible="1" title="Примечание" num="8" hide="0" width="32"/>
 </firms>
 <ptype>
  <col visible="0" title="id" num="0" hide="1" width="100"/>
  <col visible="1" title="Наименование" num="1" hide="0" width="330"/>
  <col visible="1" title="Валюта" num="2" hide="0" width="151"/>
  <col visible="1" title="Описание" num="3" hide="0" width="1083"/>
 </ptype>
 <salary>
  <col visible="1" title="Номер" num="0" hide="0" width="100"/>
  <col visible="1" title="Дата" num="1" hide="0" width="110"/>
  <col visible="1" title="Вид начисления" num="2" hide="0" width="179"/>
  <col visible="1" title="Период" num="3" hide="0" width="100"/>
  <col visible="1" title="Сумма" num="4" hide="0" width="130"/>
  <col visible="1" title="Примечание" num="5" hide="0" width="644"/>
 </salary>
 <sells>
  <col visible="1" title="Номер" num="0" hide="0" width="53"/>
  <col visible="1" title="Дата" num="1" hide="0" width="113"/>
  <col visible="1" title="Контрагент" num="2" hide="0" width="152"/>
  <col visible="1" title="Покупатель" num="3" hide="0" width="142"/>
  <col visible="1" title="Сумма" num="4" hide="0" width="107"/>
  <col visible="0" title="Вид доставки" num="5" hide="0" width="104"/>
  <col visible="1" title="Статус доставки" num="6" hide="0" width="135"/>
  <col visible="0" title="Способ оплаты" num="7" hide="0" width="185"/>
  <col visible="1" title="Статус оплаты" num="8" hide="0" width="149"/>
  <col visible="0" title="Комментарий" num="9" hide="0" width="103"/>
  <col visible="1" title="Статус накладной" num="10" hide="0" width="421"/>
 </sells>
 <materials>
  <col visible="1" title="Артикул" num="0" hide="0" width="61"/>
  <col visible="1" title="Наименование" num="1" hide="0" width="208"/>
  <col visible="1" title="Количество" num="2" hide="0" width="60"/>
  <col visible="1" title="Ед. изм." num="3" hide="0" width="83"/>
  <col visible="0" title="Мин. остаток" num="4" hide="0" width="100"/>
  <col visible="1" title="Примечание" num="5" hide="0" width="545"/>
 </materials>
 <docsM>
  <col visible="1" title="Номер" num="0" hide="0" width="100"/>
  <col visible="1" title="Дата" num="1" hide="0" width="149"/>
  <col visible="1" title="Наименование" num="2" hide="0" width="335"/>
  <col visible="1" title="Склад" num="3" hide="0" width="179"/>
  <col visible="1" title="Контрагент" num="4" hide="0" width="199"/>
  <col visible="1" title="Примечание" num="5" hide="0" width="310"/>
 </docsM>
</s>
